Australia,Jason Behrendorff,Bowler,http://www.espncricinfo.com//inline/content/image/1186408.html
Australia,Joseph Burns,Batsman,http://www.espncricinfo.com//inline/content/image/623967.html
Australia,Alex Carey,Wicketkeeper batsman,http://www.espncricinfo.com//inline/content/image/1186409.html
Australia,Nathan Coulter-Nile,Bowler,http://www.espncricinfo.com//inline/content/image/1186410.html
Australia,Patrick Cummins,Bowler,http://www.espncricinfo.com//inline/content/image/1099509.html?alt=1
Australia,Aaron Finch,Top-order batsman,http://www.espncricinfo.com//inline/content/image/1099503.html?alt=1
Australia,Peter Handscomb,Top-order batsman,http://www.espncricinfo.com//inline/content/image/767345.html?alt=1
Australia,Marcus Harris,Opening batsman,http://www.espncricinfo.com//inline/content/image/1167918.html
Australia,Josh Hazlewood,Bowler,http://www.espncricinfo.com//inline/content/image/1099517.html?alt=1
Australia,Travis Head,Middle-order batsman,http://www.espncricinfo.com//inline/content/image/1099504.html?alt=1
Australia,Usman Khawaja,Top-order batsman,http://www.espncricinfo.com//inline/content/image/1186411.html
Australia,Marnus Labuschagne,Batting allrounder,http://www.espncricinfo.com//inline/content/image/1162108.html?alt=1
Australia,Christopher Lynn,Batsman,http://www.espncricinfo.com//inline/content/image/1099534.html?alt=1
Australia,Nathan Lyon,Bowler,http://www.espncricinfo.com//inline/content/image/1186412.html
Australia,Mitchell Marsh,Allrounder,http://www.espncricinfo.com//inline/content/image/1030003.html
Australia,Shaun Marsh,Top-order batsman,http://www.espncricinfo.com//inline/content/image/1186413.html
Australia,Glenn Maxwell,Batting allrounder,http://www.espncricinfo.com//inline/content/image/1099529.html?alt=1
Australia,Timothy Paine,Wicketkeeper batsman,http://www.espncricinfo.com//inline/content/image/501167.html?alt=1
Australia,Kurtis Patterson,Middle-order batsman,http://www.espncricinfo.com//inline/content/image/575813.html?alt=1
Australia,Jhye Richardson,Bowler,http://www.espncricinfo.com//inline/content/image/902259.html?alt=1
Australia,Kane Richardson,Bowler,http://www.espncricinfo.com//inline/content/image/1186414.html
Australia,D'Arcy Short,Opening batsman,http://www.espncricinfo.com//inline/content/image/1133220.html?alt=1
Australia,Peter Siddle,Bowler,http://www.espncricinfo.com//inline/content/image/817159.html?alt=1
Australia,Steven Smith,Middle-order batsman,http://www.espncricinfo.com//inline/content/image/1099508.html?alt=1
Australia,Billy Stanlake,Bowler,http://www.espncricinfo.com//inline/content/image/721195.html?alt=1
Australia,Mitchell Starc,Bowler,http://www.espncricinfo.com//inline/content/image/1099513.html?alt=1
Australia,Marcus Stoinis,Middle-order batsman,http://www.espncricinfo.com//inline/content/image/1099515.html?alt=1
Australia,Ashton Turner,Middle-order batsman,http://www.espncricinfo.com//inline/content/image/575815.html?alt=1
Australia,David Warner,Opening batsman,http://www.espncricinfo.com//inline/content/image/1099532.html?alt=1
Australia,Adam Zampa,Bowler,http://www.espncricinfo.com//inline/content/image/1099536.html?alt=1
