Bangladesh,Abu Hider,Bowler,http://www.espncricinfo.com//inline/content/image/721381.html?alt=1
Bangladesh,Abu Jayed,Bowler,http://www.espncricinfo.com//inline/content/image/687953.html?alt=1
Bangladesh,Anamul Haque,Wicketkeeper batsman,http://www.espncricinfo.com//inline/content/image/726817.html?alt=1
Bangladesh,Ariful Haque,Allrounder,http://www.espncricinfo.com//inline/content/image/933598.html?alt=1
Bangladesh,Fazle Mahmud,Allrounder,http://www.espncricinfo.com//inline/content/image/1162352.html?alt=1
Bangladesh,Imrul Kayes,Opening batsman,http://www.espncricinfo.com//inline/content/image/1099670.html
Bangladesh,Liton Das,Wicketkeeper batsman,http://www.espncricinfo.com//inline/content/image/721401.html?alt=1
Bangladesh,Mahmudullah,Allrounder,http://www.espncricinfo.com//inline/content/image/1099653.html
Bangladesh,Mashrafe Mortaza,Bowler,http://www.espncricinfo.com//inline/content/image/1099644.html
Bangladesh,Mehidy Hasan Miraz,Allrounder,http://www.espncricinfo.com//inline/content/image/1099684.html
Bangladesh,Mohammad Mithun,Top-order batsman,http://www.espncricinfo.com//inline/content/image/983055.html
Bangladesh,Mohammad Saifuddin,Bowling allrounder,http://www.espncricinfo.com//inline/content/image/1126270.html?alt=1
Bangladesh,Mominul Haque,Middle-order batsman,http://www.espncricinfo.com//inline/content/image/726819.html?alt=1
Bangladesh,Mosaddek Hossain,Middle-order batsman,http://www.espncricinfo.com//inline/content/image/1099682.html?alt=1
Bangladesh,Mushfiqur Rahim,Wicketkeeper batsman,http://www.espncricinfo.com//inline/content/image/1099654.html
Bangladesh,Mustafizur Rahman,Bowler,http://www.espncricinfo.com//inline/content/image/1099647.html
Bangladesh,Nayeem Hasan,Bowler,http://www.espncricinfo.com//inline/content/image/1125504.html?alt=1
Bangladesh,Najmul Hossain Shanto,Middle-order batsman,http://www.espncricinfo.com//inline/content/image/1163943.html?alt=1
Bangladesh,Nazmul Islam,Bowler,http://www.espncricinfo.com//inline/content/image/687943.html?alt=1
Bangladesh,Nurul Hasan,Allrounder,http://www.espncricinfo.com//inline/content/image/983051.html
Bangladesh,Rubel Hossain,Bowler,http://www.espncricinfo.com//inline/content/image/1099667.html
Bangladesh,Sabbir Rahman,Middle-order batsman,http://www.espncricinfo.com//inline/content/image/1099650.html?alt=1
Bangladesh,Shakib Al Hasan,Allrounder,http://www.espncricinfo.com//inline/content/image/1099656.html
Bangladesh,Soumya Sarkar,Middle-order batsman,http://www.espncricinfo.com//inline/content/image/1099642.html
Bangladesh,Khaled Ahmed,Bowler,http://www.espncricinfo.com//inline/content/image/1152899.html?alt=1
Bangladesh,Taijul Islam,Bowler,http://www.espncricinfo.com//inline/content/image/828549.html?alt=1
Bangladesh,Tamim Iqbal,Opening batsman,http://www.espncricinfo.com//inline/content/image/1099678.html
