England,Moeen Ali,Batting allrounder,http://www.espncricinfo.com//inline/content/image/1185617.html?alt=1

England,James Anderson,Bowler,http://www.espncricinfo.com//inline/content/image/1015875.html

England,Jofra Archer,Bowling allrounder,http://www.espncricinfo.com//inline/content/image/1185613.html?alt=1

England,Jonathan Bairstow,Middle-order batsman,http://www.espncricinfo.com//inline/content/image/1185614.html?alt=1

England,Samuel Billings,Wicketkeeper batsman,http://www.espncricinfo.com//inline/content/image/885517.html?alt=1

England,Stuart Broad,Bowler,http://www.espncricinfo.com//inline/content/image/818153.html?alt=1

England,Rory Burns,Top-order batsman,http://www.espncricinfo.com//inline/content/image/561892.html?alt=1

England,Joseph Buttler,Wicketkeeper batsman,http://www.espncricinfo.com//inline/content/image/879519.html?alt=1

England,Samuel Curran,Allrounder,http://www.espncricinfo.com//inline/content/image/1157905.html?alt=1

England,Thomas Curran,Bowling allrounder,http://www.espncricinfo.com//inline/content/image/1185615.html?alt=1

England,Liam Dawson,Allrounder,http://www.espncricinfo.com//inline/content/image/979981.html

England,Joseph Denly,Opening batsman,http://www.espncricinfo.com//inline/content/image/564341.html?alt=1

England,Ben Duckett,Top-order batsman,http://www.espncricinfo.com//inline/content/image/719759.html?alt=1

England,Benjamin Foakes,Wicketkeeper batsman,http://www.espncricinfo.com//inline/content/image/630110.html?alt=1

England,Alexander Hales,Opening batsman,http://www.espncricinfo.com//inline/content/image/1015873.html

England,Keaton Jennings,Opening batsman,http://www.espncricinfo.com//inline/content/image/1174371.html?alt=1

England,Christopher Jordan,Bowler,http://www.espncricinfo.com//inline/content/image/751927.html?alt=1

England,Matthew Leach,Bowler,http://www.espncricinfo.com//inline/content/image/1156395.html?alt=1

England,Dawid Malan,Top-order batsman,http://www.espncricinfo.com//inline/content/image/564348.html?alt=1

England,Eoin Morgan,Middle-order batsman,http://www.espncricinfo.com//inline/content/image/1185166.html?alt=1

England,Liam Plunkett,Bowler,http://www.espncricinfo.com//inline/content/image/751935.html?alt=1

England,Adil Rashid,Bowler,http://www.espncricinfo.com//inline/content/image/1185618.html?alt=1

England,Joe Root,Top-order batsman,http://www.espncricinfo.com//inline/content/image/879527.html?alt=1

England,Jason Roy,Middle-order batsman,http://www.espncricinfo.com//inline/content/image/885525.html?alt=1

England,Ben Stokes,Allrounder,http://www.espncricinfo.com//inline/content/image/879529.html?alt=1

England,Oliver Stone,Bowler,http://www.espncricinfo.com//inline/content/image/630321.html?alt=1

England,James Vince,Batsman,http://www.espncricinfo.com//inline/content/image/1015843.html

England,David Willey,Allrounder,http://www.espncricinfo.com//inline/content/image/885519.html?alt=1

England,Chris Woakes,Allrounder,http://www.espncricinfo.com//inline/content/image/818165.html?alt=1

England,Mark Wood,Bowler,http://www.espncricinfo.com//inline/content/image/879521.html?alt=1

