Ireland,Mark Adair,Allrounder,http://www.espncricinfo.com//inline/content/image/895741.html?alt=1

Ireland,John Anderson,Batsman,http://www.espncricinfo.com//inline/content/image/773049.html?alt=1

Ireland,Andrew Balbirnie,Opening batsman,http://www.espncricinfo.com//inline/content/image/733223.html?alt=1

Ireland,Peter Chase,Bowler,http://www.espncricinfo.com//inline/content/image/575828.html?alt=1

Ireland,George Dockrell,Bowler,http://www.espncricinfo.com//inline/content/image/575842.html?alt=1

Ireland,Edmund Joyce,Top-order batsman,http://www.espncricinfo.com//inline/content/image/726987.html

Ireland,Tyrone Kane,Bowler,http://www.espncricinfo.com//inline/content/image/575832.html?alt=1

Ireland,Joshua Little,Allrounder,http://www.espncricinfo.com//inline/content/image/1077449.html?alt=1

Ireland,Andrew McBrine,Bowler,http://www.espncricinfo.com//inline/content/image/726985.html

Ireland,Barry McCarthy,Bowler,http://www.espncricinfo.com//inline/content/image/575837.html?alt=1

Ireland,Jacob Mulder,Bowler,http://www.espncricinfo.com//inline/content/image/1077448.html?alt=1

Ireland,Timothy Murtagh,Bowler,http://www.espncricinfo.com//inline/content/image/726983.html

Ireland,Kevin O'Brien,Allrounder,http://www.espncricinfo.com//inline/content/image/979067.html?alt=1

Ireland,Niall O'Brien,Wicketkeeper batsman,http://www.espncricinfo.com//inline/content/image/979069.html?alt=1

Ireland,William Porterfield,Opening batsman,http://www.espncricinfo.com//inline/content/image/726979.html

Ireland,Stuart Poynter,Wicketkeeper batsman,http://www.espncricinfo.com//inline/content/image/979075.html?alt=1

Ireland,David Rankin,Opening batsman,http://www.espncricinfo.com//inline/content/image/888253.html?alt=1

Ireland,William Rankin,Bowler,http://www.espncricinfo.com//inline/content/image/818147.html?alt=1

Ireland,James Shannon,Middle-order batsman,http://www.espncricinfo.com//inline/content/image/443654.html?alt=1

Ireland,Simi Singh,Middle-order batsman,http://www.espncricinfo.com//inline/content/image/1176652.html?alt=1

Ireland,Paul Stirling,Allrounder,http://www.espncricinfo.com//inline/content/image/862319.html?alt=1

Ireland,Greg Thompson,Bowler,http://www.espncricinfo.com//inline/content/image/1077447.html?alt=1

Ireland,Stuart Thompson,Bowler,http://www.espncricinfo.com//inline/content/image/583411.html?alt=1

Ireland,Lorcan Tucker,Wicketkeeper batsman,http://www.espncricinfo.com//inline/content/image/1176653.html?alt=1

Ireland,Gary Wilson,Wicketkeeper batsman,http://www.espncricinfo.com//inline/content/image/736989.html?alt=1

Ireland,Craig Young,Bowler,http://www.espncricinfo.com//inline/content/image/728839.html?alt=1

