New Zealand,Corey Anderson,Batting allrounder,http://www.espncricinfo.com//inline/content/image/1099461.html?alt=1

New Zealand,Todd Astle,Bowler,http://www.espncricinfo.com//inline/content/image/586672.html?alt=1

New Zealand,Trent Boult,Bowler,http://www.espncricinfo.com//inline/content/image/1099464.html?alt=21

New Zealand,Douglas Bracewell,Bowler,http://www.espncricinfo.com//inline/content/image/818257.html?alt=1

New Zealand,Mark Chapman,Allrounder,http://www.espncricinfo.com//inline/content/image/727525.html?alt=1

New Zealand,Colin Grandhomme,Allrounder,http://www.espncricinfo.com//inline/content/image/1099468.html?alt=1

New Zealand,Lachlan Ferguson,Bowler,http://www.espncricinfo.com//inline/content/image/1070100.html?alt=1

New Zealand,Martin Guptill,Opening batsman,http://www.espncricinfo.com//inline/content/image/1099469.html?alt=1

New Zealand,Matthew Henry,Bowler,http://www.espncricinfo.com//inline/content/image/677457.html?alt=1

New Zealand,Scott Kuggeleijn,Bowling allrounder,http://www.espncricinfo.com//inline/content/image/677459.html?alt=1

New Zealand,Thomas Latham,Wicketkeeper batsman,http://www.espncricinfo.com//inline/content/image/1099471.html?alt=1

New Zealand,Daryl Mitchell,Allrounder,http://www.espncricinfo.com//inline/content/image/677467.html?alt=1

New Zealand,Colin Munro,Middle-order batsman,http://www.espncricinfo.com//inline/content/image/818251.html?alt=1

New Zealand,James Neesham,Batting allrounder,http://www.espncricinfo.com//inline/content/image/1099477.html?alt=1

New Zealand,Henry Nicholls,Top-order batsman,http://www.espncricinfo.com//inline/content/image/986881.html

New Zealand,Glenn Phillips,Wicketkeeper batsman,http://www.espncricinfo.com//inline/content/image/1082491.html?alt=1

New Zealand,Jeet Raval,Opening batsman,http://www.espncricinfo.com//inline/content/image/397349.html?alt=1

New Zealand,Mitchell Santner,Bowling allrounder,http://www.espncricinfo.com//inline/content/image/1099481.html?alt=1

New Zealand,Tim Seifert,Wicketkeeper batsman,http://www.espncricinfo.com//inline/content/image/720081.html?alt=1

New Zealand,Inderbir Sodhi,Bowler,http://www.espncricinfo.com//inline/content/image/988687.html

New Zealand,William Somerville,Bowler,http://www.espncricinfo.com//inline/content/image/909745.html?alt=1

New Zealand,Timothy Southee,Bowler,http://www.espncricinfo.com//inline/content/image/1099482.html?alt=1

New Zealand,Luteru Taylor,Middle-order batsman,http://www.espncricinfo.com//inline/content/image/1099483.html?alt=1

New Zealand,Neil Wagner,Bowler,http://www.espncricinfo.com//inline/content/image/635795.html?alt=1

New Zealand,Bradley-John Watling,Wicketkeeper batsman,http://www.espncricinfo.com//inline/content/image/818247.html?alt=1

New Zealand,Kane Williamson,Top-order batsman,http://www.espncricinfo.com//inline/content/image/1099457.html?alt=1

New Zealand,George Worker,Batting allrounder,http://www.espncricinfo.com//inline/content/image/336361.html?alt=1

