Sri Lanka,Dinesh Chandimal,Wicketkeeper batsman,http://www.espncricinfo.com//inline/content/image/1099820.html?alt=1

Sri Lanka,Akila Dananjaya,Allrounder,http://www.espncricinfo.com//inline/content/image/818669.html?alt=1

Sri Lanka,Dhananjaya de Silva,Allrounder,http://www.espncricinfo.com//inline/content/image/1015883.html

Sri Lanka,Dickwella Patabendige Dilantha Niroshan Dickwella,Wicketkeeper batsman,http://www.espncricinfo.com//inline/content/image/1099831.html?alt=1

Sri Lanka,Nuwan Pradeep,Bowler,http://www.espncricinfo.com//inline/content/image/1099837.html?alt=1

Sri Lanka,Bodiyabaduge Oshada Piyumal Fernando,Batsman,http://www.espncricinfo.com//inline/content/image/1083458.html

Sri Lanka,Muthuthanthrige Vishwa Thilina Fernando,Bowler,http://www.espncricinfo.com//inline/content/image/928643.html

Sri Lanka,Weerahandige Inol Avishka Fernando,Opening batsman,http://www.espncricinfo.com//inline/content/image/1185608.html?alt=1

Sri Lanka,Chamika Karunaratne,Bowler,http://www.espncricinfo.com//inline/content/image/1173368.html?alt=1

Sri Lanka,Dimuth Karunaratne,Opening batsman,http://www.espncricinfo.com//inline/content/image/1153216.html

Sri Lanka,Suranga Lakmal,Bowler,http://www.espncricinfo.com//inline/content/image/1099839.html?alt=1

Sri Lanka,Lasith Malinga,Bowler,http://www.espncricinfo.com//inline/content/image/1099830.html?alt=1

Sri Lanka,Angelo Mathews,Allrounder,http://www.espncricinfo.com//inline/content/image/1099817.html

Sri Lanka,Kusal Mendis,Wicketkeeper batsman,http://www.espncricinfo.com//inline/content/image/1099821.html?alt=1

Sri Lanka,Jeevan Mendis,Allrounder,http://www.espncricinfo.com//inline/content/image/818645.html?alt=1

Sri Lanka,Angelo Kanishka Perera,Allrounder,http://www.espncricinfo.com//inline/content/image/661481.html?alt=1

Sri Lanka,Dilruwan Perera,Allrounder,http://www.espncricinfo.com//inline/content/image/751951.html?alt=1

Sri Lanka,Kusal Perera,Wicketkeeper batsman,http://www.espncricinfo.com//inline/content/image/1099826.html?alt=1

Sri Lanka,Thisara Perera,Allrounder,http://www.espncricinfo.com//inline/content/image/1099840.html?alt=1

Sri Lanka,Priyamal Perera,Middle-order batsman,http://www.espncricinfo.com//inline/content/image/721309.html?alt=1

Sri Lanka,Kasun Rajitha,Bowler,http://www.espncricinfo.com//inline/content/image/955503.html

Sri Lanka,Paththamperuma Arachchige Don Lakshan Rangika Sandakan,Bowler,http://www.espncricinfo.com//inline/content/image/1099828.html?alt=1

Sri Lanka,Roshen Silva,Batsman,http://www.espncricinfo.com//inline/content/image/1151974.html

Sri Lanka,Tisse Appuhamilage Milinda Siriwardana,Allrounder,http://www.espncricinfo.com//inline/content/image/989681.html

Sri Lanka,Upul Tharanga,Batsman,http://www.espncricinfo.com//inline/content/image/1099842.html?alt=1

Sri Lanka,Lahiru Thirimanne,Top-order batsman,http://www.espncricinfo.com//inline/content/image/989695.html

Sri Lanka,Isuru Udana,Allrounder,http://www.espncricinfo.com//inline/content/image/1082359.html?alt=1

Sri Lanka,Jeffrey Dexter Francis Vandersay,Bowler,http://www.espncricinfo.com//inline/content/image/1185610.html?alt=1

