West Indies,Fabian Allen,Bowler,http://www.espncricinfo.com//inline/content/image/679761.html?alt=1
West Indies,Sunil Ambris,Opening batsman,http://www.espncricinfo.com//inline/content/image/530817.html?alt=1
West Indies,Devendra Bishoo,Bowler,http://www.espncricinfo.com//inline/content/image/822071.html?alt=1
West Indies,Carlos Brathwaite,Allrounder,http://www.espncricinfo.com//inline/content/image/533525.html?alt=3
West Indies,Kraigg Brathwaite,Opening batsman,http://www.espncricinfo.com//inline/content/image/515866.html?alt=1
West Indies,Darren Bravo,Top-order batsman,http://www.espncricinfo.com//inline/content/image/818711.html?alt=1
West Indies,John Campbell,Opening batsman,http://www.espncricinfo.com//inline/content/image/966405.html
West Indies,Jonathan Carter,Allrounder,http://www.espncricinfo.com//inline/content/image/966445.html
West Indies,Roston Chase,Allrounder,http://www.espncricinfo.com//inline/content/image/966447.html
West Indies,Sheldon Cottrell,Bowler,http://www.espncricinfo.com//inline/content/image/966407.html
West Indies,Shane Dowrich,Wicketkeeper batsman,http://www.espncricinfo.com//inline/content/image/883991.html?alt=1
West Indies,Shannon Gabriel,Bowler,http://www.espncricinfo.com//inline/content/image/563011.html?alt=1
West Indies,Christopher Gayle,Allrounder,http://www.espncricinfo.com//inline/content/image/990017.html
West Indies,Shimron Hetmyer,Top-order batsman,http://www.espncricinfo.com//inline/content/image/821125.html?alt=1
West Indies,Jason Holder,Bowling allrounder,http://www.espncricinfo.com//inline/content/image/883997.html?alt=1
West Indies,Shai Hope,Wicketkeeper batsman,http://www.espncricinfo.com//inline/content/image/883993.html?alt=1
West Indies,Alzarri Joseph,Bowler,http://www.espncricinfo.com//inline/content/image/822049.html?alt=1
West Indies,Evin Lewis,Opening batsman,http://www.espncricinfo.com//inline/content/image/966389.html
West Indies,Ashley Nurse,Bowler,http://www.espncricinfo.com//inline/content/image/990337.html
West Indies,Keemo Paul,Allrounder,http://www.espncricinfo.com//inline/content/image/822039.html?alt=1
West Indies,Nicholas Pooran,Wicketkeeper batsman,http://www.espncricinfo.com//inline/content/image/679735.html?alt=1
West Indies,Rovman Powell,Batsman,http://www.espncricinfo.com//inline/content/image/1030741.html?alt=1
West Indies,Raymon Reifer,Allrounder,http://www.espncricinfo.com//inline/content/image/822061.html?alt=1
West Indies,Kemar Roach,Bowler,http://www.espncricinfo.com//inline/content/image/818703.html?alt=1
West Indies,Andre Russell,Allrounder,http://www.espncricinfo.com//inline/content/image/990003.html
West Indies,Marlon Samuels,Top-order batsman,http://www.espncricinfo.com//inline/content/image/513161.html?alt=1
West Indies,Oshane Thomas,Bowler,http://www.espncricinfo.com//inline/content/image/1030739.html?alt=1
